{"cameraMode":{"drawMode":0,"name":"Shaded","section":"Shading Mode"},"sceneLighting":true,"audioPlay":false,"sceneViewState":{"m_AlwaysRefresh":false,"showFog":true,"showSkybox":true,"showFlares":true,"showImageEffects":true,"showParticleSystems":true,"showVisualEffectGraphs":true,"m_FxEnabled":true},"in2DMode":false,"pivot":{"x":453.15850830078127,"y":-56.159637451171878,"z":497.6488037109375},"rotation":{"x":-0.019358495250344278,"y":-0.9219257235527039,"z":0.3841572105884552,"w":-0.0465058870613575},"size":500.85137939453127,"orthographic":false}